{"cameraMode":{"drawMode":0,"name":"Shaded","section":"Shading Mode"},"sceneLighting":true,"audioPlay":false,"sceneViewState":{"showFog":true,"showMaterialUpdate":false,"showSkybox":true,"showFlares":true,"showImageEffects":true,"showParticleSystems":true},"in2DMode":false,"pivot":{"x":104.85514068603516,"y":-11.665918350219727,"z":35.224090576171878},"rotation":{"x":-0.4001884460449219,"y":0.5795015692710877,"z":-0.3916376829147339,"w":-0.5921586155891419},"size":8.805347442626954,"orthographic":false}