{"cameraMode":{"drawMode":0,"name":"Shaded","section":"Shading Mode"},"sceneLighting":true,"audioPlay":false,"sceneViewState":{"showFog":true,"showMaterialUpdate":false,"showSkybox":true,"showFlares":true,"showImageEffects":true,"showParticleSystems":true},"in2DMode":false,"pivot":{"x":40.19816589355469,"y":14.122260093688965,"z":12.907432556152344},"rotation":{"x":-0.4001884460449219,"y":0.5795015692710877,"z":-0.3916376829147339,"w":-0.5921586155891419},"size":1.759122371673584,"orthographic":false}